{
    "final_metrics": {
        "accuracy": 0.8625,
        "precision": 0.8529698149951315,
        "recall": 0.876,
        "f1": 0.8643315244203256
    },
    "fold_metrics_summary": {
        "mean": {
            "accuracy": 0.8625,
            "precision": 0.8545372589196253,
            "recall": 0.876,
            "f1": 0.8645169390830617
        },
        "std": {
            "accuracy": 0.016201851746019638,
            "precision": 0.034218475932982224,
            "recall": 0.021621748310439674,
            "f1": 0.013035726041396495
        },
        "min": {
            "accuracy": 0.8425,
            "precision": 0.8099547511312217,
            "recall": 0.85,
            "f1": 0.850356294536817
        },
        "max": {
            "accuracy": 0.8775,
            "precision": 0.8900523560209425,
            "recall": 0.9,
            "f1": 0.8801955990220048
        }
    },
    "error_rate": 0.13749999999999996,
    "total_samples": 2000,
    "error_cases_count": 275,
    "text_length_analysis": {
        "count": {
            "false": 275.0,
            "true": 1725.0
        },
        "mean": {
            "false": 696.7818181818182,
            "true": 754.2411594202898
        },
        "std": {
            "false": 281.8467572258477,
            "true": 334.6479655308273
        },
        "min": {
            "false": 177.0,
            "true": 17.0
        },
        "25%": {
            "false": 502.0,
            "true": 533.0
        },
        "50%": {
            "false": 661.0,
            "true": 702.0
        },
        "75%": {
            "false": 839.0,
            "true": 912.0
        },
        "max": {
            "false": 1812.0,
            "true": 2678.0
        }
    }
}